"","Estimate","Std. Error","z value","Pr(>|z|)"
"(Intercept)",-5.64661914251761,1.24657224257267,-4.52971673014646,5.90628203036839e-06
"SOCPROBNo 9th grade social problems",1.06114296417511,0.612091402840592,1.73363481213845,0.0829828996015044
"REPEATRepeated a grade",1.41724704673781,0.484129413919179,2.92741363360832,0.00341793975289682
"ADDSC",0.052867812240267,0.0214014189541867,2.47029471987065,0.0135001777090715
